idEvent,strTimestamp,Round,Home Team,Home Score,Away Team,Away Score,Poster,Thumb
2272228,2025-07-08 16:00:00,Round 400,St Josephs,2,Cliftonville,2,,https://r2.thesportsdb.com/images/media/event/thumb/rave261750758604.jpg
2272229,2025-07-08 17:30:00,Round 400,Floriana,2,Haverfordwest County,1,,https://r2.thesportsdb.com/images/media/event/thumb/5ecnor1750758607.jpg
2272230,2025-07-10 14:00:00,Round 400,Atlètic d'Escaldes,2,F91 Dudelange,0,,https://r2.thesportsdb.com/images/media/event/thumb/r90gdh1750758611.jpg
2272233,2025-07-10 15:00:00,Round 400,FCB Magpies,2,Paide Linnameeskond,3,,https://r2.thesportsdb.com/images/media/event/thumb/51fe051750758622.jpg
2272234,2025-07-10 16:00:00,Round 400,SJK Seinajoki,1,KÍ Klaksvík,2,,https://r2.thesportsdb.com/images/media/event/thumb/c56ubn1750758625.jpg
2272235,2025-07-10 16:00:00,Round 400,Torpedo Kutaisi,4,Ordabasy Shymkent,3,,https://r2.thesportsdb.com/images/media/event/thumb/27ojd41750758629.jpg
2272236,2025-07-10 16:00:00,Round 400,Kauno Žalgiris,3,Pen-y-Bont,0,,https://r2.thesportsdb.com/images/media/event/thumb/s5b9c11750758650.jpg
2272237,2025-07-10 16:30:00,Round 400,Racing Union Luxembourg,1,Dila Gori,2,,https://r2.thesportsdb.com/images/media/event/thumb/e0vgtl1750758672.jpg
2272238,2025-07-10 16:30:00,Round 400,Urartu,1,Neman Grodno,2,,https://r2.thesportsdb.com/images/media/event/thumb/9pn7fr1750758675.jpg
2272239,2025-07-10 16:45:00,Round 400,Nõmme Kalju,1,Partizani Tirana,1,,https://r2.thesportsdb.com/images/media/event/thumb/xcf4fq1750758679.jpg
2272240,2025-07-10 18:00:00,Round 400,Dečić,2,Sileks,0,,https://r2.thesportsdb.com/images/media/event/thumb/ys0bpv1750758682.jpg
2272241,2025-07-10 18:00:00,Round 400,Birkirkara,1,Petrocub Hîncești,0,,https://r2.thesportsdb.com/images/media/event/thumb/xju4621750758686.jpg
2272242,2025-07-10 18:00:00,Round 400,Vllaznia Shkodër,0,BFC Daugavpils,1,,https://r2.thesportsdb.com/images/media/event/thumb/lyraz91750758708.jpg
2272243,2025-07-10 18:00:00,Round 400,Torpedo-BelAZ Zhodino,3,Rabotnichki,0,,https://r2.thesportsdb.com/images/media/event/thumb/as751g1750758729.jpg
2272232,2025-07-10 18:15:00,Round 400,Malisheva,0,Víkingur Reykjavík,1,,https://r2.thesportsdb.com/images/media/event/thumb/ix22o11750758618.jpg
2272244,2025-07-10 18:30:00,Round 400,Sutjeska,1,Dynamo Brest,2,,https://r2.thesportsdb.com/images/media/event/thumb/sz7o9h1750758733.jpg
2272245,2025-07-10 18:30:00,Round 400,Željezničar Sarajevo,1,Koper,1,,https://r2.thesportsdb.com/images/media/event/thumb/rdckg61750758736.jpg
2272246,2025-07-10 18:30:00,Round 400,Vardar,3,La Fiorita,0,,https://r2.thesportsdb.com/images/media/event/thumb/920xvn1750758740.jpg
2272247,2025-07-10 18:45:00,Round 400,St Patricks,1,Hegelmann Litauen,0,,https://r2.thesportsdb.com/images/media/event/thumb/gl23ie1750758743.jpg
2272248,2025-07-10 18:45:00,Round 400,NSÍ Runavík,4,HJK Helsinki,0,,https://r2.thesportsdb.com/images/media/event/thumb/dk1h431750758747.jpg
2272231,2025-07-10 19:00:00,Round 400,Tre Fiori,1,Pyunik Yerevan,0,,https://r2.thesportsdb.com/images/media/event/thumb/7oyba91750758615.jpg
2272249,2025-07-10 19:00:00,Round 400,Borac Banja Luka,1,FC Santa Coloma,4,,https://r2.thesportsdb.com/images/media/event/thumb/mrubvf1750758751.jpg
2272250,2025-07-10 19:00:00,Round 400,Larne,0,Auda Kekava,0,,https://r2.thesportsdb.com/images/media/event/thumb/inkbo61750758754.jpg
2272251,2025-07-10 20:00:00,Round 400,Valur,3,Flora Tallinn,0,,https://r2.thesportsdb.com/images/media/event/thumb/o4cw0z1750758758.jpg
2272252,2025-07-16 16:00:00,Round 400,Auda Kekava,2,Larne,2,,https://r2.thesportsdb.com/images/media/event/thumb/smpb5s1750758761.jpg
2272253,2025-07-17 15:00:00,Round 400,BFC Daugavpils,2,Vllaznia Shkodër,4,,https://r2.thesportsdb.com/images/media/event/thumb/4j5hks1750758765.jpg
2272254,2025-07-17 16:00:00,Round 400,Ordabasy Shymkent,1,Torpedo Kutaisi,1,,https://r2.thesportsdb.com/images/media/event/thumb/upjhoo1750758769.jpg
2272255,2025-07-17 16:00:00,Round 400,Flora Tallinn,1,Valur,2,,https://r2.thesportsdb.com/images/media/event/thumb/zicsrj1750758772.jpg
2272256,2025-07-17 16:00:00,Round 400,HJK Helsinki,5,NSÍ Runavík,0,,https://r2.thesportsdb.com/images/media/event/thumb/zm2tpj1750758776.jpg
2272257,2025-07-17 16:00:00,Round 400,FC Santa Coloma,0,Borac Banja Luka,2,,https://r2.thesportsdb.com/images/media/event/thumb/4d1m901750758779.jpg
2272258,2025-07-17 16:00:00,Round 400,Pyunik Yerevan,5,Tre Fiori,0,,https://r2.thesportsdb.com/images/media/event/thumb/kwh6mf1750758783.jpg
2272259,2025-07-17 16:00:00,Round 400,Hegelmann Litauen,0,St Patricks,2,,https://r2.thesportsdb.com/images/media/event/thumb/3x0r931750758787.jpg
2272260,2025-07-17 16:00:00,Round 400,Dila Gori,1,Racing Union Luxembourg,0,,https://r2.thesportsdb.com/images/media/event/thumb/pgidx01750758791.jpg
2272261,2025-07-17 16:00:00,Round 400,Rabotnichki,0,Torpedo-BelAZ Zhodino,1,,https://r2.thesportsdb.com/images/media/event/thumb/dw58hc1750758794.jpg
2272262,2025-07-17 16:30:00,Round 400,Paide Linnameeskond,4,FCB Magpies,1,,https://r2.thesportsdb.com/images/media/event/thumb/38v9zv1750758798.jpg
2272263,2025-07-17 17:00:00,Round 400,Haverfordwest County,2,Floriana,3,,https://r2.thesportsdb.com/images/media/event/thumb/108icl1750758802.jpg
2272264,2025-07-17 17:00:00,Round 400,Sileks,2,Dečić,1,,https://r2.thesportsdb.com/images/media/event/thumb/6ozsk51750758805.jpg
2272265,2025-07-17 17:00:00,Round 400,Petrocub Hîncești,3,Birkirkara,0,,https://r2.thesportsdb.com/images/media/event/thumb/qek3yo1750758809.jpg
2272266,2025-07-17 17:00:00,Round 400,Pen-y-Bont,1,Kauno Žalgiris,1,,https://r2.thesportsdb.com/images/media/event/thumb/ljr6141750758813.jpg
2272267,2025-07-17 17:00:00,Round 400,F91 Dudelange,2,Atlètic d'Escaldes,3,,https://r2.thesportsdb.com/images/media/event/thumb/ihkg0f1750758816.jpg
2272268,2025-07-17 17:30:00,Round 400,Koper,3,Željezničar Sarajevo,1,,https://r2.thesportsdb.com/images/media/event/thumb/gwep6b1750758820.jpg
2272269,2025-07-17 18:00:00,Round 400,Neman Grodno,4,Urartu,0,,https://r2.thesportsdb.com/images/media/event/thumb/neesfq1750758824.jpg
2272270,2025-07-17 18:00:00,Round 400,Partizani Tirana,0,Nõmme Kalju,1,,https://r2.thesportsdb.com/images/media/event/thumb/94uqh51750758828.jpg
2272271,2025-07-17 18:30:00,Round 400,Dynamo Brest,0,Sutjeska,2,,https://r2.thesportsdb.com/images/media/event/thumb/iau6p71750758831.jpg
2272272,2025-07-17 18:45:00,Round 400,Cliftonville,2,St Josephs,3,,https://r2.thesportsdb.com/images/media/event/thumb/ge4up81750758835.jpg
2272273,2025-07-17 18:45:00,Round 400,Víkingur Reykjavík,8,Malisheva,0,,https://r2.thesportsdb.com/images/media/event/thumb/n3btmq1750758839.jpg
2272274,2025-07-17 18:45:00,Round 400,KÍ Klaksvík,2,SJK Seinajoki,0,,https://r2.thesportsdb.com/images/media/event/thumb/1t1fxt1750758842.jpg
2272275,2025-07-17 19:00:00,Round 400,La Fiorita,2,Vardar,2,,https://r2.thesportsdb.com/images/media/event/thumb/4ji6ds1750758846.jpg
2291965,2025-07-22 18:30:00,Round 400,Ballkani,4,Floriana,2,,https://r2.thesportsdb.com/images/media/event/thumb/8eda4r1753169992.jpg
2272286,2025-07-23 15:30:00,Round 400,Zira,1,Hajduk Split,1,,https://r2.thesportsdb.com/images/media/event/thumb/zlsrnr1750758887.jpg
2291966,2025-07-23 16:30:00,Round 400,Levadia Tallinn,1,Iberia 1999,0,,https://r2.thesportsdb.com/images/media/event/thumb/73wmye1753169996.jpg
2272285,2025-07-23 17:00:00,Round 400,Silkeborg IF,1,KA Akureyri,1,,https://r2.thesportsdb.com/images/media/event/thumb/mc5uuy1750758883.jpg
2291967,2025-07-23 18:00:00,Round 400,The New Saints,0,Differdange 03,1,,https://r2.thesportsdb.com/images/media/event/thumb/emgzf81753169999.jpg
2291968,2025-07-23 18:00:00,Round 400,Olimpija Ljubljana,4,Inter Club d'Escaldes,2,,https://r2.thesportsdb.com/images/media/event/thumb/g93q8l1753170003.jpg
2291969,2025-07-23 19:00:00,Round 400,Budućnost Podgorica,0,Milsami Orhei,0,,https://r2.thesportsdb.com/images/media/event/thumb/91iv0g1753170024.jpg
2272300,2025-07-24 14:00:00,Round 400,Astana,1,Zimbru Chișinău,1,,https://r2.thesportsdb.com/images/media/event/thumb/g8sim11750758940.jpg
2291970,2025-07-24 14:00:00,Round 400,Atlètic d'Escaldes,1,Dinamo City,2,,https://r2.thesportsdb.com/images/media/event/thumb/65rxlc1753170028.jpg
2291979,2025-07-24 15:30:00,Round 400,Paide Linnameeskond,0,AIK,2,,https://r2.thesportsdb.com/images/media/event/thumb/hise2i1753170096.jpg
2272277,2025-07-24 16:00:00,Round 400,Rosenborg,5,Banga Gargždai,0,,https://r2.thesportsdb.com/images/media/event/thumb/lbwuo11750758854.jpg
2272280,2025-07-24 16:00:00,Round 400,Aris Limassol,3,Puskás Akadémia FC,2,,https://r2.thesportsdb.com/images/media/event/thumb/s2yrso1750758865.jpg
2272288,2025-07-24 16:00:00,Round 400,Araz-Naxçıvan,2,Aris,1,,https://r2.thesportsdb.com/images/media/event/thumb/aklg1d1750758895.jpg
2272290,2025-07-24 16:00:00,Round 400,Ararat-Armenia,0,Universitatea Cluj,0,,https://r2.thesportsdb.com/images/media/event/thumb/vh4k891750758902.jpg
2291971,2025-07-24 16:00:00,Round 400,Hibernians,1,Spartak Trnava,2,,https://r2.thesportsdb.com/images/media/event/thumb/2afviq1753170031.jpg
2291972,2025-07-24 16:00:00,Round 400,St Josephs,0,Shamrock Rovers,4,,https://r2.thesportsdb.com/images/media/event/thumb/2pm1xz1753170035.jpg
2291973,2025-07-24 16:00:00,Round 400,Ilves,4,AZ Alkmaar,3,,https://r2.thesportsdb.com/images/media/event/thumb/5uhx6v1753170039.jpg
2291974,2025-07-24 16:00:00,Round 400,Aktobe,2,Sparta Prague,1,,https://r2.thesportsdb.com/images/media/event/thumb/c7oizt1753170042.jpg
2291975,2025-07-24 16:00:00,Round 400,Žalgiris Vilnius,0,Linfield,0,,https://r2.thesportsdb.com/images/media/event/thumb/d7ga8q1753170064.jpg
2291976,2025-07-24 16:00:00,Round 400,Kauno Žalgiris,1,Valur,1,,https://r2.thesportsdb.com/images/media/event/thumb/z0ag1t1753170067.jpg
2291977,2025-07-24 16:00:00,Round 400,Pyunik Yerevan,2,Győri ETO,1,,https://r2.thesportsdb.com/images/media/event/thumb/bxwlr11753170071.jpg
2291978,2025-07-24 16:00:00,Round 400,Arda Kardzhali,0,HJK Helsinki,0,,https://r2.thesportsdb.com/images/media/event/thumb/qljzp61753170092.jpg
2272287,2025-07-24 17:00:00,Round 400,Novi Pazar,1,Jagiellonia Białystok,2,,https://r2.thesportsdb.com/images/media/event/thumb/rybu7u1750758891.jpg
2272291,2025-07-24 17:00:00,Round 400,Hammarby,0,Charleroi,0,,https://r2.thesportsdb.com/images/media/event/thumb/sdtffi1750758906.jpg
2272292,2025-07-24 17:00:00,Round 400,Cherno More,0,İstanbul Başakşehir,1,,https://r2.thesportsdb.com/images/media/event/thumb/604nd51750758910.jpg
2291980,2025-07-24 17:00:00,Round 400,Omonia Nicosia,1,Torpedo Kutaisi,0,,https://r2.thesportsdb.com/images/media/event/thumb/cewe101753170099.jpg
2291981,2025-07-24 17:00:00,Round 400,Viking,7,Koper,0,,https://r2.thesportsdb.com/images/media/event/thumb/50ixa41753170103.jpg
2291982,2025-07-24 17:00:00,Round 400,Petrocub Hîncești,0,Sabah FC,2,,https://r2.thesportsdb.com/images/media/event/thumb/7zeyrr1753170106.jpg
2291983,2025-07-24 17:00:00,Round 400,Polissya Zhytomyr,1,FC Santa Coloma,2,,https://r2.thesportsdb.com/images/media/event/thumb/ahmkjk1753170110.jpg
2291984,2025-07-24 17:00:00,Round 400,Oleksandriya,0,Partizan Belgrade,2,,https://r2.thesportsdb.com/images/media/event/thumb/el6tpq1753170113.jpg
2308488,2025-07-24 17:00:00,Round 400,Riga FC,2,Dila Gori,1,,https://r2.thesportsdb.com/images/media/event/thumb/lv1ece1756753233.jpg
2272276,2025-07-24 17:30:00,Round 400,Vaduz,0,Dungannon Swifts,1,,https://r2.thesportsdb.com/images/media/event/thumb/3f1mrp1750758850.jpg
2272278,2025-07-24 18:00:00,Round 400,NK Varaždin,2,Santa Clara,1,,https://r2.thesportsdb.com/images/media/event/thumb/jjd7tr1755589883.jpg
2291985,2025-07-24 18:00:00,Round 400,Torpedo-BelAZ Zhodino,1,Maccabi Haifa,1,,https://r2.thesportsdb.com/images/media/event/thumb/aw2uoh1753170117.jpg
2291986,2025-07-24 18:00:00,Round 400,Radnički 1923,0,KÍ Klaksvík,0,,https://r2.thesportsdb.com/images/media/event/thumb/q7adqw1753170121.jpg
2291987,2025-07-24 18:00:00,Round 400,Košice,2,Neman Grodno,3,,https://r2.thesportsdb.com/images/media/event/thumb/9215261753170124.jpg
2291988,2025-07-24 18:00:00,Round 400,Paks,1,Maribor,0,,https://r2.thesportsdb.com/images/media/event/thumb/jr4ftz1753170146.jpg
2294458,2025-07-24 18:00:00,Round 400,AEK Athens,1,Hapoel Be'er Sheva,0,,https://r2.thesportsdb.com/images/media/event/thumb/xajgcv1754376648.jpg
2272279,2025-07-24 18:30:00,Round 400,Austria Vienna,2,Spaeri,0,,https://r2.thesportsdb.com/images/media/event/thumb/zf0bop1750758861.jpg
2291989,2025-07-24 18:30:00,Round 400,Vllaznia Shkodër,2,Víkingur Reykjavík,1,,https://r2.thesportsdb.com/images/media/event/thumb/p3rxp21753170149.jpg
2291990,2025-07-24 18:30:00,Round 400,Vardar,2,Lausanne-Sport,1,,https://r2.thesportsdb.com/images/media/event/thumb/ach79g1753170153.jpg
2294459,2025-07-24 18:30:00,Round 400,Sutjeska,1,Beitar Jerusalem,2,,https://r2.thesportsdb.com/images/media/event/thumb/qvmlc21754376652.jpg
2272282,2025-07-24 18:45:00,Round 400,Dundee United,1,UNA Strassen,0,,https://r2.thesportsdb.com/images/media/event/thumb/m34d5q1750758872.jpg
2272283,2025-07-24 18:45:00,Round 400,HB Tórshavn,1,Brøndby,1,,https://r2.thesportsdb.com/images/media/event/thumb/nmhfje1750758876.jpg
2291991,2025-07-24 18:45:00,Round 400,Dinamo Minsk,0,Egnatia,2,,https://r2.thesportsdb.com/images/media/event/thumb/pnrh6r1753170156.jpg
2291992,2025-07-24 18:45:00,Round 400,St Patricks,1,Nõmme Kalju,0,,https://r2.thesportsdb.com/images/media/event/thumb/wjcox11753170160.jpg
2272281,2025-07-24 19:00:00,Round 400,Raków Częstochowa,3,MSK Zilina,0,,https://r2.thesportsdb.com/images/media/event/thumb/jtz9dh1750758869.jpg
2272284,2025-07-24 19:00:00,Round 400,FK Sarajevo,2,Universitatea Craiova,1,,https://r2.thesportsdb.com/images/media/event/thumb/nwg22m1750758880.jpg
2291993,2025-07-24 19:00:00,Round 400,Dečić,0,Rapid Vienna,2,,https://r2.thesportsdb.com/images/media/event/thumb/njt7cu1753170181.jpg
2291994,2025-07-24 19:00:00,Round 400,Larne,0,Prishtina,0,,https://r2.thesportsdb.com/images/media/event/thumb/wp4jw91753170185.jpg
2291995,2025-07-29 16:00:00,Round 400,Iberia 1999,2,Levadia Tallinn,2,,https://r2.thesportsdb.com/images/media/event/thumb/v8szju1753170189.jpg
2291996,2025-07-29 18:00:00,Round 400,Differdange 03,1,The New Saints,0,,https://r2.thesportsdb.com/images/media/event/thumb/yjrkpq1753170192.jpg
2291997,2025-07-29 18:30:00,Round 400,Inter Club d'Escaldes,1,Olimpija Ljubljana,1,,https://r2.thesportsdb.com/images/media/event/thumb/v2ccl21753170196.jpg
2291999,2025-07-31 15:30:00,Round 400,Spartak Trnava,5,Hibernians,1,,https://r2.thesportsdb.com/images/media/event/thumb/mlm3eg1753170203.jpg
2272295,2025-07-31 16:00:00,Round 400,Banga Gargždai,0,Rosenborg,2,,https://r2.thesportsdb.com/images/media/event/thumb/ua7wv41750758921.jpg
2272308,2025-07-31 16:00:00,Round 400,Spaeri,0,Austria Vienna,5,,https://r2.thesportsdb.com/images/media/event/thumb/jmi2ab1750758969.jpg
2292000,2025-07-31 16:00:00,Round 400,HJK Helsinki,2,Arda Kardzhali,2,,https://r2.thesportsdb.com/images/media/event/thumb/bd9i8k1753170224.jpg
2292001,2025-07-31 16:00:00,Round 400,Sabah FC,4,Petrocub Hîncești,1,,https://r2.thesportsdb.com/images/media/event/thumb/iwb4y21753170228.jpg
2292002,2025-07-31 16:00:00,Round 400,FC Santa Coloma,1,Polissya Zhytomyr,4,,https://r2.thesportsdb.com/images/media/event/thumb/opeu9n1753170231.jpg
2292007,2025-07-31 16:00:00,Round 400,Győri ETO,3,Pyunik Yerevan,1,,https://r2.thesportsdb.com/images/media/event/thumb/g4d0tb1753170249.jpg
2308489,2025-07-31 16:00:00,Round 400,Dila Gori,3,Riga FC,3,,https://r2.thesportsdb.com/images/media/event/thumb/2id5nx1756753236.jpg
2292003,2025-07-31 16:45:00,Round 400,Nõmme Kalju,2,St Patricks,2,,https://r2.thesportsdb.com/images/media/event/thumb/5rlf9m1753170235.jpg
2292004,2025-07-31 16:45:00,Round 400,AZ Alkmaar,5,Ilves,0,,https://r2.thesportsdb.com/images/media/event/thumb/6x3jhl1753170239.jpg
2272289,2025-07-31 17:00:00,Round 400,Zimbru Chișinău,0,Astana,2,,https://r2.thesportsdb.com/images/media/event/thumb/w0lnij1750758899.jpg
2272298,2025-07-31 17:00:00,Round 400,Universitatea Cluj,1,Ararat-Armenia,2,,https://r2.thesportsdb.com/images/media/event/thumb/bhatgw1750758932.jpg
2272306,2025-07-31 17:00:00,Round 400,UNA Strassen,0,Dundee United,1,,https://r2.thesportsdb.com/images/media/event/thumb/d27vbg1750758962.jpg
2292005,2025-07-31 17:00:00,Round 400,Milsami Orhei,2,Budućnost Podgorica,1,,https://r2.thesportsdb.com/images/media/event/thumb/laauke1753170242.jpg
2292006,2025-07-31 17:00:00,Round 400,AIK,6,Paide Linnameeskond,0,,https://r2.thesportsdb.com/images/media/event/thumb/q304iu1753170246.jpg
2292008,2025-07-31 17:00:00,Round 400,Torpedo Kutaisi,0,Omonia Nicosia,4,,https://r2.thesportsdb.com/images/media/event/thumb/ptr3sb1753170253.jpg
2272293,2025-07-31 17:30:00,Round 400,Universitatea Craiova,4,FK Sarajevo,0,,https://r2.thesportsdb.com/images/media/event/thumb/1sp4lt1750758914.jpg
2272299,2025-07-31 17:30:00,Round 400,Brøndby,1,HB Tórshavn,0,,https://r2.thesportsdb.com/images/media/event/thumb/5qcnsh1750758936.jpg
2292009,2025-07-31 17:30:00,Round 400,Beitar Jerusalem,5,Sutjeska,2,,https://r2.thesportsdb.com/images/media/event/thumb/ej64a41753170256.jpg
2272305,2025-07-31 17:45:00,Round 400,İstanbul Başakşehir,4,Cherno More,0,,https://r2.thesportsdb.com/images/media/event/thumb/zlpr6w1750758958.jpg
2272297,2025-07-31 18:00:00,Round 400,Charleroi,1,Hammarby,2,,https://r2.thesportsdb.com/images/media/event/thumb/qlp54j1750758928.jpg
2272301,2025-07-31 18:00:00,Round 400,Santa Clara,2,NK Varaždin,0,,https://r2.thesportsdb.com/images/media/event/thumb/ywqbde1755589886.jpg
2272303,2025-07-31 18:00:00,Round 400,KA Akureyri,2,Silkeborg IF,3,,https://r2.thesportsdb.com/images/media/event/thumb/uf3vk71750758951.jpg
2272309,2025-07-31 18:00:00,Round 400,Puskás Akadémia FC,0,Aris Limassol,2,,https://r2.thesportsdb.com/images/media/event/thumb/9ioawf1750758973.jpg
2291998,2025-07-31 18:00:00,Round 400,Neman Grodno,1,Košice,1,,https://r2.thesportsdb.com/images/media/event/thumb/aaql871753170199.jpg
2292011,2025-07-31 18:00:00,Round 400,Maribor,1,Paks,1,,https://r2.thesportsdb.com/images/media/event/thumb/qvu5pf1753170263.jpg
2292012,2025-07-31 18:00:00,Round 400,Hapoel Be'er Sheva,0,AEK Athens,0,,https://r2.thesportsdb.com/images/media/event/thumb/21niyq1753170267.jpg
2292013,2025-07-31 18:00:00,Round 400,Sparta Prague,4,Aktobe,0,,https://r2.thesportsdb.com/images/media/event/thumb/u09v4g1753170289.jpg
2292014,2025-07-31 18:00:00,Round 400,Koper,3,Viking,5,,https://r2.thesportsdb.com/images/media/event/thumb/zow6fh1753170292.jpg
2292015,2025-07-31 18:00:00,Round 400,Maccabi Haifa,3,Torpedo-BelAZ Zhodino,0,,https://r2.thesportsdb.com/images/media/event/thumb/t0zfbw1753170296.jpg
2292016,2025-07-31 18:00:00,Round 400,Prishtina,1,Larne,1,,https://r2.thesportsdb.com/images/media/event/thumb/84mfxe1753170299.jpg
2272294,2025-07-31 18:15:00,Round 400,Jagiellonia Białystok,3,Novi Pazar,1,,https://r2.thesportsdb.com/images/media/event/thumb/aseuh71750758917.jpg
2272307,2025-07-31 18:15:00,Round 400,Aris,2,Araz-Naxçıvan,2,,https://r2.thesportsdb.com/images/media/event/thumb/jjy9ua1750758966.jpg
2292017,2025-07-31 18:15:00,Round 400,Lausanne-Sport,5,Vardar,0,,https://r2.thesportsdb.com/images/media/event/thumb/d2x1o61753170303.jpg
2272296,2025-07-31 18:30:00,Round 400,MSK Zilina,1,Raków Częstochowa,3,,https://r2.thesportsdb.com/images/media/event/thumb/s9l5rw1750758925.jpg
2292018,2025-07-31 18:30:00,Round 400,Valur,1,Kauno Žalgiris,2,,https://r2.thesportsdb.com/images/media/event/thumb/ismy5h1753170306.jpg
2292019,2025-07-31 18:30:00,Round 400,Rapid Vienna,4,Dečić,2,,https://r2.thesportsdb.com/images/media/event/thumb/7os3wp1753170328.jpg
2272304,2025-07-31 18:45:00,Round 400,Dungannon Swifts,0,Vaduz,3,,https://r2.thesportsdb.com/images/media/event/thumb/mya44a1750758954.jpg
2292010,2025-07-31 18:45:00,Round 400,Floriana,1,Ballkani,1,,https://r2.thesportsdb.com/images/media/event/thumb/6p1gat1753170260.jpg
2292020,2025-07-31 18:45:00,Round 400,Linfield,2,Žalgiris Vilnius,0,,https://r2.thesportsdb.com/images/media/event/thumb/bqzgys1753170331.jpg
2292021,2025-07-31 18:45:00,Round 400,Víkingur Reykjavík,4,Vllaznia Shkodër,2,,https://r2.thesportsdb.com/images/media/event/thumb/mk0i2q1753170335.jpg
2292022,2025-07-31 18:45:00,Round 400,Dinamo City,1,Atlètic d'Escaldes,1,,https://r2.thesportsdb.com/images/media/event/thumb/09jdig1753170356.jpg
2292023,2025-07-31 18:45:00,Round 400,KÍ Klaksvík,1,Radnički 1923,0,,https://r2.thesportsdb.com/images/media/event/thumb/cw95lp1753170360.jpg
2272302,2025-07-31 19:00:00,Round 400,Hajduk Split,2,Zira,1,,https://r2.thesportsdb.com/images/media/event/thumb/mh2n4d1750758947.jpg
2292024,2025-07-31 19:00:00,Round 400,Partizan Belgrade,4,Oleksandriya,0,,https://r2.thesportsdb.com/images/media/event/thumb/lkfgj31753170364.jpg
2292025,2025-07-31 19:00:00,Round 400,Shamrock Rovers,0,St Josephs,0,,https://r2.thesportsdb.com/images/media/event/thumb/kop2y11753170367.jpg
2292026,2025-07-31 19:00:00,Round 400,Egnatia,1,Dinamo Minsk,0,,https://r2.thesportsdb.com/images/media/event/thumb/lzm3061753170371.jpg
2299403,2025-08-05 18:45:00,Round 400,KÍ Klaksvík,2,Neman Grodno,0,,https://r2.thesportsdb.com/images/media/event/thumb/vzfufs1754376888.jpg
2299389,2025-08-07 16:00:00,Round 400,Milsami Orhei,3,Virtus,2,,https://r2.thesportsdb.com/images/media/event/thumb/zx3z821754376836.jpg
2299396,2025-08-07 16:00:00,Round 400,Kauno Žalgiris,0,Arda Kardzhali,1,,https://r2.thesportsdb.com/images/media/event/thumb/hziqac1754376862.jpg
2299401,2025-08-07 16:00:00,Round 400,Aris Limassol,2,AEK Athens,2,,https://r2.thesportsdb.com/images/media/event/thumb/e9titm1754376881.jpg
2299404,2025-08-07 16:00:00,Round 400,Araz-Naxçıvan,0,Omonia Nicosia,4,,https://r2.thesportsdb.com/images/media/event/thumb/ur55ys1754376891.jpg
2302803,2025-08-07 16:00:00,Round 400,Rosenborg,0,Hammarby,0,,https://r2.thesportsdb.com/images/media/event/thumb/u4ixa01754377101.jpg
2299398,2025-08-07 16:30:00,Round 400,Baník Ostrava,4,Austria Vienna,3,,https://r2.thesportsdb.com/images/media/event/thumb/6kntup1754376869.jpg
2299385,2025-08-07 17:00:00,Round 400,AIK,2,Győri ETO,1,,https://r2.thesportsdb.com/images/media/event/thumb/tdv9n91754376804.jpg
2299391,2025-08-07 17:00:00,Round 400,Silkeborg IF,0,Jagiellonia Białystok,1,,https://r2.thesportsdb.com/images/media/event/thumb/ep9u4f1754376844.jpg
2299392,2025-08-07 17:00:00,Round 400,Viking,1,İstanbul Başakşehir,3,,https://r2.thesportsdb.com/images/media/event/thumb/n1zl2d1754376848.jpg
2308490,2025-08-07 17:00:00,Round 400,Riga FC,3,Beitar Jerusalem,0,,https://r2.thesportsdb.com/images/media/event/thumb/hhmllu1756753240.jpg
2297642,2025-08-07 18:00:00,Round 400,Differdange 03,2,Levadia Tallinn,3,,https://r2.thesportsdb.com/images/media/event/thumb/axywr51754376720.jpg
2299383,2025-08-07 18:00:00,Round 400,Polissya Zhytomyr,3,Paks,0,,https://r2.thesportsdb.com/images/media/event/thumb/um5oy71754376797.jpg
2299387,2025-08-07 18:00:00,Round 400,AZ Alkmaar,3,Vaduz,0,,https://r2.thesportsdb.com/images/media/event/thumb/cla6291754376829.jpg
2299397,2025-08-07 18:00:00,Round 400,Sparta Prague,4,Ararat-Armenia,1,,https://r2.thesportsdb.com/images/media/event/thumb/8vjr9a1754376866.jpg
2299399,2025-08-07 18:00:00,Round 400,Víkingur Gøta,2,Linfield,1,,https://r2.thesportsdb.com/images/media/event/thumb/491hxx1754376873.jpg
2299402,2025-08-07 18:00:00,Round 400,Levski Sofia,1,Sabah FC,0,,https://r2.thesportsdb.com/images/media/event/thumb/tg0o7c1754376884.jpg
2299407,2025-08-07 18:00:00,Round 400,Anderlecht,3,Sheriff Tiraspol,0,,https://r2.thesportsdb.com/images/media/event/thumb/4fpe9a1754376902.jpg
2299408,2025-08-07 18:00:00,Round 400,Olimpija Ljubljana,0,Egnatia,0,,https://r2.thesportsdb.com/images/media/event/thumb/95x3vs1754376906.jpg
2299388,2025-08-07 18:15:00,Round 400,Lausanne-Sport,3,Astana,1,,https://r2.thesportsdb.com/images/media/event/thumb/jnnjft1754376833.jpg
2299384,2025-08-07 18:30:00,Round 400,Universitatea Craiova,3,Spartak Trnava,0,,https://r2.thesportsdb.com/images/media/event/thumb/u6ftge1754376800.jpg
2299386,2025-08-07 18:30:00,Round 400,Lugano,0,Celje,5,,https://r2.thesportsdb.com/images/media/event/thumb/dg3xw01754376825.jpg
2299390,2025-08-07 18:30:00,Round 400,Ballkani,1,Shamrock Rovers,0,,https://r2.thesportsdb.com/images/media/event/thumb/n0s8ld1754376840.jpg
2299393,2025-08-07 18:45:00,Round 400,Víkingur Reykjavík,3,Brøndby,0,,https://r2.thesportsdb.com/images/media/event/thumb/wi8b891754376851.jpg
2299405,2025-08-07 18:45:00,Round 400,St Patricks,1,Beşiktaş,4,,https://r2.thesportsdb.com/images/media/event/thumb/mj8g8l1754376895.jpg
2299394,2025-08-07 19:00:00,Round 400,Larne,0,Santa Clara,3,,https://r2.thesportsdb.com/images/media/event/thumb/ltdw6g1755589890.jpg
2299395,2025-08-07 19:00:00,Round 400,Raków Częstochowa,0,Maccabi Haifa,1,,https://r2.thesportsdb.com/images/media/event/thumb/tt58yh1754376858.jpg
2299400,2025-08-07 19:00:00,Round 400,Partizan Belgrade,0,Hibernian,2,,https://r2.thesportsdb.com/images/media/event/thumb/igh72a1754376877.jpg
2299406,2025-08-07 19:00:00,Round 400,Rapid Vienna,2,Dundee United,2,,https://r2.thesportsdb.com/images/media/event/thumb/6icwyd1754376899.jpg
2299409,2025-08-07 19:00:00,Round 400,Hajduk Split,2,Dinamo City,1,,https://r2.thesportsdb.com/images/media/event/thumb/2qfgzv1754376909.jpg
2299436,2025-08-13 16:00:00,Round 400,İstanbul Başakşehir,1,Viking,1,,https://r2.thesportsdb.com/images/media/event/thumb/bkbfy01754377008.jpg
2299417,2025-08-14 14:00:00,Round 400,Astana,0,Lausanne-Sport,2,,https://r2.thesportsdb.com/images/media/event/thumb/jvd8gn1754376939.jpg
2299425,2025-08-14 16:00:00,Round 400,Ararat-Armenia,1,Sparta Prague,2,,https://r2.thesportsdb.com/images/media/event/thumb/3ujhsh1754376968.jpg
2299435,2025-08-14 16:00:00,Round 400,Sabah FC,0,Levski Sofia,2,,https://r2.thesportsdb.com/images/media/event/thumb/nqecqx1754377005.jpg
2297643,2025-08-14 16:30:00,Round 400,Levadia Tallinn,1,Differdange 03,3,,https://r2.thesportsdb.com/images/media/event/thumb/a0f9ph1754376724.jpg
2299414,2025-08-14 17:00:00,Round 400,Paks,2,Polissya Zhytomyr,1,,https://r2.thesportsdb.com/images/media/event/thumb/f4satk1754376928.jpg
2299426,2025-08-14 17:00:00,Round 400,Sheriff Tiraspol,1,Anderlecht,1,,https://r2.thesportsdb.com/images/media/event/thumb/72oscs1754376972.jpg
2299429,2025-08-14 17:00:00,Round 400,Győri ETO,2,AIK,0,,https://r2.thesportsdb.com/images/media/event/thumb/pnkcq41754376983.jpg
2299430,2025-08-14 17:00:00,Round 400,Omonia Nicosia,5,Araz-Naxçıvan,0,,https://r2.thesportsdb.com/images/media/event/thumb/0k73mr1754376986.jpg
2299432,2025-08-14 17:00:00,Round 400,Hammarby,0,Rosenborg,1,,https://r2.thesportsdb.com/images/media/event/thumb/ymmm1d1754376994.jpg
2299415,2025-08-14 17:30:00,Round 400,Vaduz,0,AZ Alkmaar,1,,https://r2.thesportsdb.com/images/media/event/thumb/jrasz91754376932.jpg
2299416,2025-08-14 17:30:00,Round 400,Brøndby,4,Víkingur Reykjavík,0,,https://r2.thesportsdb.com/images/media/event/thumb/7b743c1754376935.jpg
2299421,2025-08-14 17:30:00,Round 400,Arda Kardzhali,2,Kauno Žalgiris,0,,https://r2.thesportsdb.com/images/media/event/thumb/3t299r1754376953.jpg
2308491,2025-08-14 17:30:00,Round 400,Beitar Jerusalem,3,Riga FC,1,,https://r2.thesportsdb.com/images/media/event/thumb/jx06v91756753262.jpg
2299410,2025-08-14 18:00:00,Round 400,Celje,2,Lugano,4,,https://r2.thesportsdb.com/images/media/event/thumb/bdqxzg1754376913.jpg
2299411,2025-08-14 18:00:00,Round 400,Maccabi Haifa,0,Raków Częstochowa,2,,https://r2.thesportsdb.com/images/media/event/thumb/4qmel01754376917.jpg
2299413,2025-08-14 18:00:00,Round 400,Beşiktaş,3,St Patricks,2,,https://r2.thesportsdb.com/images/media/event/thumb/son3jt1754376924.jpg
2299418,2025-08-14 18:00:00,Round 400,Neman Grodno,2,KÍ Klaksvík,0,,https://r2.thesportsdb.com/images/media/event/thumb/c1c8gk1754376943.jpg
2299431,2025-08-14 18:00:00,Round 400,AEK Athens,3,Aris Limassol,1,,https://r2.thesportsdb.com/images/media/event/thumb/sg9m2c1754376990.jpg
2299412,2025-08-14 18:15:00,Round 400,Jagiellonia Białystok,2,Silkeborg IF,2,,https://r2.thesportsdb.com/images/media/event/thumb/4256n11754376921.jpg
2299427,2025-08-14 18:30:00,Round 400,Spartak Trnava,4,Universitatea Craiova,3,,https://r2.thesportsdb.com/images/media/event/thumb/n5pz0l1754376975.jpg
2299424,2025-08-14 18:45:00,Round 400,Dundee United,2,Rapid Vienna,2,,https://r2.thesportsdb.com/images/media/event/thumb/i6i61p1754376964.jpg
2299433,2025-08-14 18:45:00,Round 400,Dinamo City,3,Hajduk Split,1,,https://r2.thesportsdb.com/images/media/event/thumb/najjk31754376997.jpg
2302804,2025-08-14 18:45:00,Round 400,Linfield,2,Víkingur Gøta,0,,https://r2.thesportsdb.com/images/media/event/thumb/s55oex1754377105.jpg
2299419,2025-08-14 19:00:00,Round 400,Shamrock Rovers,4,Ballkani,0,,https://r2.thesportsdb.com/images/media/event/thumb/6hvrgu1754376946.jpg
2299420,2025-08-14 19:00:00,Round 400,Santa Clara,0,Larne,0,,https://r2.thesportsdb.com/images/media/event/thumb/qcxbam1755589893.jpg
2299422,2025-08-14 19:00:00,Round 400,Austria Vienna,1,Baník Ostrava,1,,https://r2.thesportsdb.com/images/media/event/thumb/xurkca1754376957.jpg
2299423,2025-08-14 19:00:00,Round 400,Virtus,3,Milsami Orhei,0,,https://r2.thesportsdb.com/images/media/event/thumb/hvh0ac1754376961.jpg
2299428,2025-08-14 19:00:00,Round 400,Hibernian,2,Partizan Belgrade,3,,https://r2.thesportsdb.com/images/media/event/thumb/52yc8t1754376979.jpg
2299434,2025-08-14 19:00:00,Round 400,Egnatia,2,Olimpija Ljubljana,4,,https://r2.thesportsdb.com/images/media/event/thumb/5upgmz1754377001.jpg
2314948,2025-08-21 16:00:00,Round 400,Rosenborg,2,Mainz,1,,https://r2.thesportsdb.com/images/media/event/thumb/8r22c61755590036.jpg
2314949,2025-08-21 17:00:00,Round 400,Hacken,7,CFR Cluj,2,,https://r2.thesportsdb.com/images/media/event/thumb/pvhvi41755590039.jpg
2314950,2025-08-21 17:00:00,Round 400,Wolfsberger AC,2,Omonia Nicosia,1,,https://r2.thesportsdb.com/images/media/event/thumb/es9xih1755590043.jpg
2314951,2025-08-21 17:00:00,Round 400,Ħamrun Spartans,1,RFS,0,,https://r2.thesportsdb.com/images/media/event/thumb/9kr0q71755590047.jpg
2314952,2025-08-21 17:00:00,Round 400,Győri ETO,2,Rapid Vienna,1,,https://r2.thesportsdb.com/images/media/event/thumb/d4tnrl1755590050.jpg
2314953,2025-08-21 17:45:00,Round 400,İstanbul Başakşehir,1,Universitatea Craiova,2,,https://r2.thesportsdb.com/images/media/event/thumb/jw793p1755590054.jpg
2314954,2025-08-21 18:00:00,Round 400,Polissya Zhytomyr,0,Fiorentina,3,,https://r2.thesportsdb.com/images/media/event/thumb/fyyv1e1755590057.jpg
2314955,2025-08-21 18:00:00,Round 400,Anderlecht,1,AEK Athens,1,,https://r2.thesportsdb.com/images/media/event/thumb/tbg12y1755590061.jpg
2314956,2025-08-21 18:00:00,Round 400,Levski Sofia,0,AZ Alkmaar,2,,https://r2.thesportsdb.com/images/media/event/thumb/g9fcfq1755590065.jpg
2314957,2025-08-21 18:00:00,Round 400,Shakhtar Donetsk,1,Servette,1,,https://r2.thesportsdb.com/images/media/event/thumb/p617fi1755590068.jpg
2314958,2025-08-21 18:00:00,Round 400,Neman Grodno,0,Rayo Vallecano,1,,https://r2.thesportsdb.com/images/media/event/thumb/se5rya1755590072.jpg
2314959,2025-08-21 18:00:00,Round 400,Sparta Prague,2,Riga FC,0,,https://r2.thesportsdb.com/images/media/event/thumb/ex82gy1755590076.jpg
2314960,2025-08-21 18:00:00,Round 400,Strasbourg,0,Brøndby,0,,https://r2.thesportsdb.com/images/media/event/thumb/4xnf1x1755590079.jpg
2314961,2025-08-21 18:00:00,Round 400,Olimpija Ljubljana,1,Noah,4,,https://r2.thesportsdb.com/images/media/event/thumb/tnwoao1755590083.jpg
2314962,2025-08-21 18:00:00,Round 400,Celje,1,Baník Ostrava,0,,https://r2.thesportsdb.com/images/media/event/thumb/cp36yk1755590087.jpg
2314963,2025-08-21 18:00:00,Round 400,Breiðablik,2,Virtus,1,,https://r2.thesportsdb.com/images/media/event/thumb/mf7lrh1755590090.jpg
2314964,2025-08-21 18:00:00,Round 400,Drita,2,Differdange 03,1,,https://r2.thesportsdb.com/images/media/event/thumb/yphv6b1755590094.jpg
2314965,2025-08-21 18:15:00,Round 400,Lausanne-Sport,1,Beşiktaş,1,,https://r2.thesportsdb.com/images/media/event/thumb/5cze0c1755590098.jpg
2314966,2025-08-21 18:15:00,Round 400,Jagiellonia Białystok,3,Dinamo City,0,,https://r2.thesportsdb.com/images/media/event/thumb/eof9961755590101.jpg
2314967,2025-08-21 18:45:00,Round 400,Shelbourne,3,Linfield,1,,https://r2.thesportsdb.com/images/media/event/thumb/oxsikf1755590123.jpg
2314968,2025-08-21 19:00:00,Round 400,Crystal Palace,1,Fredrikstad,0,,https://r2.thesportsdb.com/images/media/event/thumb/feuesa1755590127.jpg
2314969,2025-08-21 19:00:00,Round 400,Hibernian,1,Legia Warsaw,2,,https://r2.thesportsdb.com/images/media/event/thumb/ocx2th1755590130.jpg
2314970,2025-08-21 19:00:00,Round 400,Santa Clara,1,Shamrock Rovers,2,,https://r2.thesportsdb.com/images/media/event/thumb/nah5z31755590134.jpg
2314971,2025-08-21 19:00:00,Round 400,Raków Częstochowa,1,Arda Kardzhali,0,,https://r2.thesportsdb.com/images/media/event/thumb/j15bhi1755590138.jpg
2314972,2025-08-27 16:45:00,Round 400,Riga FC,1,Sparta Prague,0,,https://r2.thesportsdb.com/images/media/event/thumb/lnwhop1755590142.jpg
2314973,2025-08-28 16:00:00,Round 400,Fredrikstad,0,Crystal Palace,0,,https://r2.thesportsdb.com/images/media/event/thumb/n0k1sw1755590145.jpg
2314974,2025-08-28 16:00:00,Round 400,Noah,3,Olimpija Ljubljana,2,,https://r2.thesportsdb.com/images/media/event/thumb/tw5zfd1755590149.jpg
2314975,2025-08-28 16:00:00,Round 400,Omonia Nicosia,1,Wolfsberger AC,0,,https://r2.thesportsdb.com/images/media/event/thumb/ktvh7i1755590153.jpg
2314976,2025-08-28 17:00:00,Round 400,Beşiktaş,0,Lausanne-Sport,1,,https://r2.thesportsdb.com/images/media/event/thumb/g2yi0r1755590157.jpg
2314977,2025-08-28 17:00:00,Round 400,RFS,2,Ħamrun Spartans,2,,https://r2.thesportsdb.com/images/media/event/thumb/rv91fj1755590160.jpg
2315563,2025-08-28 17:00:00,Round 400,Rapid Vienna,2,Győri ETO,0,,https://r2.thesportsdb.com/images/media/event/thumb/y30ft71756371759.jpg
2315564,2025-08-28 17:30:00,Round 400,AZ Alkmaar,4,Levski Sofia,1,,https://r2.thesportsdb.com/images/media/event/thumb/fzywl81756371763.jpg
2315565,2025-08-28 17:30:00,Round 400,CFR Cluj,1,Hacken,0,,https://r2.thesportsdb.com/images/media/event/thumb/o4hg1k1756371767.jpg
2315566,2025-08-28 17:30:00,Round 400,Universitatea Craiova,3,İstanbul Başakşehir,1,,https://r2.thesportsdb.com/images/media/event/thumb/3bcfec1756371770.jpg
2315567,2025-08-28 18:00:00,Round 400,Fiorentina,3,Polissya Zhytomyr,2,,https://r2.thesportsdb.com/images/media/event/thumb/dgmxwd1756371774.jpg
2315568,2025-08-28 18:00:00,Round 400,AEK Athens,2,Anderlecht,0,,https://r2.thesportsdb.com/images/media/event/thumb/83zmbr1756371777.jpg
2315569,2025-08-28 18:00:00,Round 400,Rayo Vallecano,4,Neman Grodno,0,,https://r2.thesportsdb.com/images/media/event/thumb/p9y0wg1756371781.jpg
2315570,2025-08-28 18:00:00,Round 400,Brøndby,2,Strasbourg,3,,https://r2.thesportsdb.com/images/media/event/thumb/xkghsj1756371785.jpg
2315571,2025-08-28 18:00:00,Round 400,Arda Kardzhali,1,Raków Częstochowa,2,,https://r2.thesportsdb.com/images/media/event/thumb/iiaybw1756371788.jpg
2315572,2025-08-28 18:00:00,Round 400,Baník Ostrava,0,Celje,2,,https://r2.thesportsdb.com/images/media/event/thumb/4cpa6p1756371792.jpg
2315573,2025-08-28 18:00:00,Round 400,Differdange 03,0,Drita,1,,https://r2.thesportsdb.com/images/media/event/thumb/u0e5lb1756371796.jpg
2315574,2025-08-28 18:45:00,Round 400,Dinamo City,1,Jagiellonia Białystok,1,,https://r2.thesportsdb.com/images/media/event/thumb/6axoy21756371799.jpg
2315575,2025-08-28 18:45:00,Round 400,Linfield,0,Shelbourne,2,,https://r2.thesportsdb.com/images/media/event/thumb/740e1b1756371803.jpg
2315576,2025-08-28 19:00:00,Round 400,Servette,1,Shakhtar Donetsk,2,,https://r2.thesportsdb.com/images/media/event/thumb/fxwqru1756371807.jpg
2315577,2025-08-28 19:00:00,Round 400,Mainz,4,Rosenborg,1,,https://r2.thesportsdb.com/images/media/event/thumb/h93jzl1756371810.jpg
2315578,2025-08-28 19:00:00,Round 400,Legia Warsaw,3,Hibernian,3,,https://r2.thesportsdb.com/images/media/event/thumb/np4c5y1756371814.jpg
2315579,2025-08-28 19:00:00,Round 400,Shamrock Rovers,0,Santa Clara,0,,https://r2.thesportsdb.com/images/media/event/thumb/ajr4xz1756371818.jpg
2315580,2025-08-28 19:00:00,Round 400,Virtus,1,Breiðablik,3,,https://r2.thesportsdb.com/images/media/event/thumb/qaxzeo1756371821.jpg
2328150,2025-10-02 16:45:00,Round 1,Zrinjski Mostar,5,Lincoln Red Imps,0,,https://r2.thesportsdb.com/images/media/event/thumb/f2pm9r1756754502.jpg
2328151,2025-10-02 16:45:00,Round 1,Omonia Nicosia,0,Mainz,1,,https://r2.thesportsdb.com/images/media/event/thumb/yq5p7l1756754505.jpg
2328152,2025-10-02 16:45:00,Round 1,Lech Poznań,4,Rapid Vienna,1,,https://r2.thesportsdb.com/images/media/event/thumb/p1w1791756754509.jpg
2328153,2025-10-02 16:45:00,Round 1,Jagiellonia Białystok,1,Ħamrun Spartans,0,,https://r2.thesportsdb.com/images/media/event/thumb/tvsidc1756754513.jpg
2328154,2025-10-02 16:45:00,Round 1,Dynamo Kyiv,0,Crystal Palace,2,,https://r2.thesportsdb.com/images/media/event/thumb/73zo341756754516.jpg
2328155,2025-10-02 16:45:00,Round 1,KuPS,1,Drita,1,,https://r2.thesportsdb.com/images/media/event/thumb/z6cdq51756754520.jpg
2328156,2025-10-02 16:45:00,Round 1,Noah,1,Rijeka,0,,https://r2.thesportsdb.com/images/media/event/thumb/bwvjrq1756754524.jpg
2328157,2025-10-02 16:45:00,Round 1,Rayo Vallecano,2,Shkëndija,0,,https://r2.thesportsdb.com/images/media/event/thumb/rjjk6a1756754528.jpg
2329918,2025-10-02 16:45:00,Round 1,Lausanne-Sport,3,Breiðablik,0,,https://r2.thesportsdb.com/images/media/event/thumb/6cal8i1759398214.jpg
2328158,2025-10-02 19:00:00,Round 1,Shelbourne,0,Hacken,0,,https://r2.thesportsdb.com/images/media/event/thumb/wohs5n1756754532.jpg
2328159,2025-10-02 19:00:00,Round 1,Aberdeen,2,Shakhtar Donetsk,3,,https://r2.thesportsdb.com/images/media/event/thumb/ijdzny1756754535.jpg
2328160,2025-10-02 19:00:00,Round 1,Legia Warsaw,0,Samsunspor,1,,https://r2.thesportsdb.com/images/media/event/thumb/jau5v81756754539.jpg
2328161,2025-10-02 19:00:00,Round 1,Fiorentina,2,Sigma Olomouc,0,,https://r2.thesportsdb.com/images/media/event/thumb/x546bw1756754543.jpg
2328162,2025-10-02 19:00:00,Round 1,Raków Częstochowa,2,Universitatea Craiova,0,,https://r2.thesportsdb.com/images/media/event/thumb/ol82171756754547.jpg
2328163,2025-10-02 19:00:00,Round 1,AEK Larnaca,4,AZ Alkmaar,0,,https://r2.thesportsdb.com/images/media/event/thumb/6ofbjv1756754550.jpg
2328164,2025-10-02 19:00:00,Round 1,Celje,3,AEK Athens,1,,https://r2.thesportsdb.com/images/media/event/thumb/u7xpl51756754554.jpg
2328165,2025-10-02 19:00:00,Round 1,Sparta Prague,4,Shamrock Rovers,1,,https://r2.thesportsdb.com/images/media/event/thumb/t4hccn1756754557.jpg
2329919,2025-10-02 19:00:00,Round 1,Slovan Bratislava,1,Strasbourg,2,,https://r2.thesportsdb.com/images/media/event/thumb/eyuc221759398218.jpg
2328166,2025-10-23 16:45:00,Round 2,Breiðablik,0,KuPS,0,,https://r2.thesportsdb.com/images/media/event/thumb/9sng1a1756754561.jpg
2328167,2025-10-23 16:45:00,Round 2,Hacken,2,Rayo Vallecano,2,,https://r2.thesportsdb.com/images/media/event/thumb/dpbexf1756754565.jpg
2328169,2025-10-23 16:45:00,Round 2,Strasbourg,1,Jagiellonia Białystok,1,,https://r2.thesportsdb.com/images/media/event/thumb/qlltu51756754572.jpg
2328170,2025-10-23 16:45:00,Round 2,Rapid Vienna,0,Fiorentina,3,,https://r2.thesportsdb.com/images/media/event/thumb/gh8vab1756754576.jpg
2328171,2025-10-23 16:45:00,Round 2,Shkëndija,1,Shelbourne,0,,https://r2.thesportsdb.com/images/media/event/thumb/a6d2ro1756754580.jpg
2328172,2025-10-23 16:45:00,Round 2,Shakhtar Donetsk,1,Legia Warsaw,2,,https://r2.thesportsdb.com/images/media/event/thumb/0pyuhg1756754584.jpg
2328173,2025-10-23 16:45:00,Round 2,Drita,1,Omonia Nicosia,1,,https://r2.thesportsdb.com/images/media/event/thumb/pjijx61756754587.jpg
2328174,2025-10-23 16:45:00,Round 2,AZ Alkmaar,1,Slovan Bratislava,0,,https://r2.thesportsdb.com/images/media/event/thumb/zhjq5t1756754591.jpg
2329920,2025-10-23 16:45:00,Round 2,AEK Athens,6,Aberdeen,0,,https://r2.thesportsdb.com/images/media/event/thumb/ttm9n01759398222.jpg
2328175,2025-10-23 19:00:00,Round 2,Lincoln Red Imps,2,Lech Poznań,1,,https://r2.thesportsdb.com/images/media/event/thumb/i172s21756754595.jpg
2328176,2025-10-23 19:00:00,Round 2,Sigma Olomouc,1,Raków Częstochowa,1,,https://r2.thesportsdb.com/images/media/event/thumb/zqxoxw1756754598.jpg
2328177,2025-10-23 19:00:00,Round 2,Universitatea Craiova,1,Noah,1,,https://r2.thesportsdb.com/images/media/event/thumb/8l6t821756754602.jpg
2328178,2025-10-23 19:00:00,Round 2,Samsunspor,3,Dynamo Kyiv,0,,https://r2.thesportsdb.com/images/media/event/thumb/8njod81756754606.jpg
2328179,2025-10-23 19:00:00,Round 2,Mainz,1,Zrinjski Mostar,0,,https://r2.thesportsdb.com/images/media/event/thumb/pwxcv31756754609.jpg
2328180,2025-10-23 19:00:00,Round 2,Ħamrun Spartans,0,Lausanne-Sport,1,,https://r2.thesportsdb.com/images/media/event/thumb/ii34m41756754613.jpg
2328181,2025-10-23 19:00:00,Round 2,Crystal Palace,0,AEK Larnaca,1,,https://r2.thesportsdb.com/images/media/event/thumb/6ep5ml1756754617.jpg
2328182,2025-10-23 19:00:00,Round 2,Shamrock Rovers,0,Celje,2,,https://r2.thesportsdb.com/images/media/event/thumb/iy1cx81756754620.jpg
2328168,2025-10-24 14:00:00,Round 2,Rijeka,1,Sparta Prague,0,,https://r2.thesportsdb.com/images/media/event/thumb/7dlxmh1756754569.jpg
2328183,2025-11-06 17:45:00,Round 3,AEK Athens,1,Shamrock Rovers,1,,https://r2.thesportsdb.com/images/media/event/thumb/x3nmll1756754624.jpg
2328184,2025-11-06 17:45:00,Round 3,Shakhtar Donetsk,2,Breiðablik,0,,https://r2.thesportsdb.com/images/media/event/thumb/pjdqb51756754628.jpg
2328185,2025-11-06 17:45:00,Round 3,Noah,1,Sigma Olomouc,2,,https://r2.thesportsdb.com/images/media/event/thumb/kt3q821756754632.jpg
2328186,2025-11-06 17:45:00,Round 3,Sparta Prague,0,Raków Częstochowa,0,,https://r2.thesportsdb.com/images/media/event/thumb/r1f0v11756754635.jpg
2328187,2025-11-06 17:45:00,Round 3,Celje,2,Legia Warsaw,1,,https://r2.thesportsdb.com/images/media/event/thumb/lnrsfw1756754639.jpg
2328188,2025-11-06 17:45:00,Round 3,AEK Larnaca,0,Aberdeen,0,,https://r2.thesportsdb.com/images/media/event/thumb/h0w6jq1756754643.jpg
2328189,2025-11-06 17:45:00,Round 3,Samsunspor,3,Ħamrun Spartans,0,,https://r2.thesportsdb.com/images/media/event/thumb/o0hben1756754647.jpg
2328190,2025-11-06 17:45:00,Round 3,Mainz,2,Fiorentina,1,,https://r2.thesportsdb.com/images/media/event/thumb/gdfhkz1756754651.jpg
2329921,2025-11-06 17:45:00,Round 3,KuPS,3,Slovan Bratislava,1,,https://r2.thesportsdb.com/images/media/event/thumb/46si7i1759398225.jpg
2328191,2025-11-06 20:00:00,Round 3,Lausanne-Sport,1,Omonia Nicosia,1,,https://r2.thesportsdb.com/images/media/event/thumb/xgsm0o1756754654.jpg
2328192,2025-11-06 20:00:00,Round 3,Shkëndija,1,Jagiellonia Białystok,1,,https://r2.thesportsdb.com/images/media/event/thumb/fnwqvc1756754658.jpg
2328193,2025-11-06 20:00:00,Round 3,Dynamo Kyiv,6,Zrinjski Mostar,0,,https://r2.thesportsdb.com/images/media/event/thumb/5qk6hs1756754662.jpg
2328194,2025-11-06 20:00:00,Round 3,Lincoln Red Imps,1,Rijeka,1,,https://r2.thesportsdb.com/images/media/event/thumb/y9i8kf1756754666.jpg
2328195,2025-11-06 20:00:00,Round 3,Hacken,1,Strasbourg,2,,https://r2.thesportsdb.com/images/media/event/thumb/h5elsg1756754669.jpg
2328196,2025-11-06 20:00:00,Round 3,Shelbourne,0,Drita,1,,https://r2.thesportsdb.com/images/media/event/thumb/6w9oz91756754673.jpg
2328197,2025-11-06 20:00:00,Round 3,Crystal Palace,3,AZ Alkmaar,1,,https://r2.thesportsdb.com/images/media/event/thumb/7szgyw1756754677.jpg
2328198,2025-11-06 20:00:00,Round 3,Rayo Vallecano,3,Lech Poznań,2,,https://r2.thesportsdb.com/images/media/event/thumb/wgcufe1756754680.jpg
2328199,2025-11-06 20:00:00,Round 3,Rapid Vienna,0,Universitatea Craiova,1,,https://r2.thesportsdb.com/images/media/event/thumb/km8p5g1756754684.jpg
2328200,2025-11-27 17:45:00,Round 4,Zrinjski Mostar,2,Hacken,1,,https://r2.thesportsdb.com/images/media/event/thumb/pz7p6h1756754688.jpg
2328201,2025-11-27 17:45:00,Round 4,AZ Alkmaar,2,Shelbourne,0,,https://r2.thesportsdb.com/images/media/event/thumb/amdb0t1756754691.jpg
2328202,2025-11-27 17:45:00,Round 4,Universitatea Craiova,1,Mainz,0,,https://r2.thesportsdb.com/images/media/event/thumb/l6hmke1756754695.jpg
2328203,2025-11-27 17:45:00,Round 4,Slovan Bratislava,2,Rayo Vallecano,1,,https://r2.thesportsdb.com/images/media/event/thumb/kae1hx1756754699.jpg
2328204,2025-11-27 17:45:00,Round 4,Lech Poznań,2,Lausanne-Sport,0,,https://r2.thesportsdb.com/images/media/event/thumb/8sqxrt1756754703.jpg
2328205,2025-11-27 17:45:00,Round 4,Omonia Nicosia,2,Dynamo Kyiv,0,,https://r2.thesportsdb.com/images/media/event/thumb/cxfjrn1756754707.jpg
2328206,2025-11-27 17:45:00,Round 4,Ħamrun Spartans,3,Lincoln Red Imps,1,,https://r2.thesportsdb.com/images/media/event/thumb/cjpj931756754711.jpg
2328207,2025-11-27 17:45:00,Round 4,Sigma Olomouc,2,Celje,1,,https://r2.thesportsdb.com/images/media/event/thumb/vo3tlg1756754715.jpg
2328208,2025-11-27 17:45:00,Round 4,Raków Częstochowa,4,Rapid Vienna,1,,https://r2.thesportsdb.com/images/media/event/thumb/640bm71756754719.jpg
2328209,2025-11-27 20:00:00,Round 4,Drita,1,Shkëndija,0,,https://r2.thesportsdb.com/images/media/event/thumb/22ul861756754722.jpg
2328210,2025-11-27 20:00:00,Round 4,Shamrock Rovers,1,Shakhtar Donetsk,2,,https://r2.thesportsdb.com/images/media/event/thumb/e7x0iq1756754726.jpg
2328211,2025-11-27 20:00:00,Round 4,Legia Warsaw,0,Sparta Prague,1,,https://r2.thesportsdb.com/images/media/event/thumb/iyl5411756754730.jpg
2328212,2025-11-27 20:00:00,Round 4,Fiorentina,0,AEK Athens,1,,https://r2.thesportsdb.com/images/media/event/thumb/zzj4ia1756754734.jpg
2328213,2025-11-27 20:00:00,Round 4,Rijeka,0,AEK Larnaca,0,,https://r2.thesportsdb.com/images/media/event/thumb/6rhw3t1756754737.jpg
2328214,2025-11-27 20:00:00,Round 4,Aberdeen,1,Noah,1,,https://r2.thesportsdb.com/images/media/event/thumb/jeykru1756754741.jpg
2328215,2025-11-27 20:00:00,Round 4,Strasbourg,2,Crystal Palace,1,,https://r2.thesportsdb.com/images/media/event/thumb/wn09y71756754745.jpg
2328216,2025-11-27 20:00:00,Round 4,Breiðablik,2,Samsunspor,2,,https://r2.thesportsdb.com/images/media/event/thumb/mfko3x1756754748.jpg
2328217,2025-11-27 20:00:00,Round 4,Jagiellonia Białystok,1,KuPS,0,,https://r2.thesportsdb.com/images/media/event/thumb/k69q1w1756754752.jpg
2328218,2025-12-11 17:45:00,Round 5,Breiðablik,3,Shamrock Rovers,1,,https://r2.thesportsdb.com/images/media/event/thumb/dlmmn01756754756.jpg
2328219,2025-12-11 17:45:00,Round 5,Fiorentina,2,Dynamo Kyiv,1,,https://r2.thesportsdb.com/images/media/event/thumb/gxcpkk1756754760.jpg
2328220,2025-12-11 17:45:00,Round 5,Universitatea Craiova,1,Sparta Prague,2,,https://r2.thesportsdb.com/images/media/event/thumb/klubs01756754763.jpg
2328221,2025-12-11 17:45:00,Round 5,Hacken,1,AEK Larnaca,1,,https://r2.thesportsdb.com/images/media/event/thumb/5i9e2g1756754767.jpg
2328222,2025-12-11 17:45:00,Round 5,Samsunspor,1,AEK Athens,2,,https://r2.thesportsdb.com/images/media/event/thumb/n2fuhh1756754771.jpg
2328223,2025-12-11 17:45:00,Round 5,Jagiellonia Białystok,1,Rayo Vallecano,2,,https://r2.thesportsdb.com/images/media/event/thumb/tc2r5o1756754775.jpg
2328224,2025-12-11 17:45:00,Round 5,Shkëndija,2,Slovan Bratislava,0,,https://r2.thesportsdb.com/images/media/event/thumb/e5wjqi1756754778.jpg
2328225,2025-12-11 17:45:00,Round 5,Drita,0,AZ Alkmaar,3,,https://r2.thesportsdb.com/images/media/event/thumb/fzd36i1756754782.jpg
2328226,2025-12-11 17:45:00,Round 5,Noah,2,Legia Warsaw,1,,https://r2.thesportsdb.com/images/media/event/thumb/h139vk1756754786.jpg
2328227,2025-12-11 20:00:00,Round 5,Lech Poznań,1,Mainz,1,,https://r2.thesportsdb.com/images/media/event/thumb/12e3do1756754789.jpg
2328228,2025-12-11 20:00:00,Round 5,Rapid Vienna,0,Omonia Nicosia,1,,https://r2.thesportsdb.com/images/media/event/thumb/uvm3ad1756754793.jpg
2328229,2025-12-11 20:00:00,Round 5,Ħamrun Spartans,0,Shakhtar Donetsk,2,,https://r2.thesportsdb.com/images/media/event/thumb/cs5cmf1756754797.jpg
2328230,2025-12-11 20:00:00,Round 5,Shelbourne,0,Crystal Palace,3,,https://r2.thesportsdb.com/images/media/event/thumb/ln53zs1756754800.jpg
2328231,2025-12-11 20:00:00,Round 5,Rijeka,3,Celje,0,,https://r2.thesportsdb.com/images/media/event/thumb/a25ycb1756754804.jpg
2328232,2025-12-11 20:00:00,Round 5,Lincoln Red Imps,2,Sigma Olomouc,1,,https://r2.thesportsdb.com/images/media/event/thumb/y44o7e1756754807.jpg
2328233,2025-12-11 20:00:00,Round 5,KuPS,0,Lausanne-Sport,0,,https://r2.thesportsdb.com/images/media/event/thumb/fvllpc1756754811.jpg
2328234,2025-12-11 20:00:00,Round 5,Raków Częstochowa,1,Zrinjski Mostar,0,,https://r2.thesportsdb.com/images/media/event/thumb/czkojv1756754815.jpg
2328235,2025-12-11 20:00:00,Round 5,Aberdeen,0,Strasbourg,1,,https://r2.thesportsdb.com/images/media/event/thumb/2vbp8m1756754818.jpg
2328236,2025-12-18 20:00:00,Round 6,Celje,0,Shelbourne,0,,https://r2.thesportsdb.com/images/media/event/thumb/o0s61p1756754822.jpg
2328237,2025-12-18 20:00:00,Round 6,Mainz,2,Samsunspor,0,,https://r2.thesportsdb.com/images/media/event/thumb/1iuonz1756754826.jpg
2328238,2025-12-18 20:00:00,Round 6,Lausanne-Sport,1,Fiorentina,0,,https://r2.thesportsdb.com/images/media/event/thumb/jg1mtn1756754829.jpg
2328239,2025-12-18 20:00:00,Round 6,Shakhtar Donetsk,0,Rijeka,0,,https://r2.thesportsdb.com/images/media/event/thumb/hccltb1756754833.jpg
2328240,2025-12-18 20:00:00,Round 6,Sigma Olomouc,1,Lech Poznań,2,,https://r2.thesportsdb.com/images/media/event/thumb/0fm4or1756754837.jpg
2328241,2025-12-18 20:00:00,Round 6,Slovan Bratislava,1,Hacken,0,,https://r2.thesportsdb.com/images/media/event/thumb/h7py651756754840.jpg
2328242,2025-12-18 20:00:00,Round 6,Rayo Vallecano,3,Drita,0,,https://r2.thesportsdb.com/images/media/event/thumb/7widbx1756754844.jpg
2328243,2025-12-18 20:00:00,Round 6,Crystal Palace,2,KuPS,2,,https://r2.thesportsdb.com/images/media/event/thumb/aizqv51756754848.jpg
2328244,2025-12-18 20:00:00,Round 6,Strasbourg,3,Breiðablik,1,,https://r2.thesportsdb.com/images/media/event/thumb/ct6rqv1756754852.jpg
2328245,2025-12-18 20:00:00,Round 6,Legia Warsaw,4,Lincoln Red Imps,1,,https://r2.thesportsdb.com/images/media/event/thumb/cnxpk61756754856.jpg
2328246,2025-12-18 20:00:00,Round 6,Zrinjski Mostar,1,Rapid Vienna,1,,https://r2.thesportsdb.com/images/media/event/thumb/y0ltgr1756754859.jpg
2328247,2025-12-18 20:00:00,Round 6,Sparta Prague,3,Aberdeen,0,,https://r2.thesportsdb.com/images/media/event/thumb/lxyw0r1756754863.jpg
2328248,2025-12-18 20:00:00,Round 6,AEK Larnaca,1,Shkëndija,0,,https://r2.thesportsdb.com/images/media/event/thumb/u6r88t1756754867.jpg
2328249,2025-12-18 20:00:00,Round 6,AEK Athens,3,Universitatea Craiova,2,,https://r2.thesportsdb.com/images/media/event/thumb/dfxhl81756754871.jpg
2328250,2025-12-18 20:00:00,Round 6,Omonia Nicosia,0,Raków Częstochowa,1,,https://r2.thesportsdb.com/images/media/event/thumb/zlwgya1756754874.jpg
2328251,2025-12-18 20:00:00,Round 6,AZ Alkmaar,0,Jagiellonia Białystok,0,,https://r2.thesportsdb.com/images/media/event/thumb/x7rg341756754878.jpg
2328252,2025-12-18 20:00:00,Round 6,Dynamo Kyiv,2,Noah,0,,https://r2.thesportsdb.com/images/media/event/thumb/009ble1756754882.jpg
2328253,2025-12-18 20:00:00,Round 6,Shamrock Rovers,3,Ħamrun Spartans,1,,https://r2.thesportsdb.com/images/media/event/thumb/9o18701756754886.jpg
2419529,2026-02-19 17:45:00,Round 32,KuPS,0,Lech Poznań,2,,https://r2.thesportsdb.com/images/media/event/thumb/kzbt391770188456.jpg
2419530,2026-02-19 17:45:00,Round 32,Noah,1,AZ Alkmaar,0,,https://r2.thesportsdb.com/images/media/event/thumb/ordmg31770188460.jpg
2419533,2026-02-19 17:45:00,Round 32,Sigma Olomouc,1,Lausanne-Sport,1,,https://r2.thesportsdb.com/images/media/event/thumb/iug5t41770188470.jpg
2419534,2026-02-19 17:45:00,Round 32,Zrinjski Mostar,1,Crystal Palace,1,,https://r2.thesportsdb.com/images/media/event/thumb/fno4hi1770188474.jpg
2419527,2026-02-19 20:00:00,Round 32,Drita,2,Celje,3,,https://r2.thesportsdb.com/images/media/event/thumb/bcfmvf1770188449.jpg
2419528,2026-02-19 20:00:00,Round 32,Jagiellonia Białystok,0,Fiorentina,3,,https://r2.thesportsdb.com/images/media/event/thumb/kyqkvq1770188452.jpg
2419531,2026-02-19 20:00:00,Round 32,Omonia Nicosia,0,Rijeka,1,,https://r2.thesportsdb.com/images/media/event/thumb/fwsf851770188463.jpg
2419532,2026-02-19 20:00:00,Round 32,Shkëndija,0,Samsunspor,1,,https://r2.thesportsdb.com/images/media/event/thumb/fb1j411770188467.jpg
2419536,2026-02-26 17:45:00,Round 32,Celje,3,Drita,2,,https://r2.thesportsdb.com/images/media/event/thumb/mv743r1770188499.jpg
2419538,2026-02-26 17:45:00,Round 32,Fiorentina,2,Jagiellonia Białystok,4,,https://r2.thesportsdb.com/images/media/event/thumb/gdkqus1770188524.jpg
2419541,2026-02-26 17:45:00,Round 32,Rijeka,3,Omonia Nicosia,1,,https://r2.thesportsdb.com/images/media/event/thumb/thn53m1770188538.jpg
2419542,2026-02-26 17:45:00,Round 32,Samsunspor,4,Shkëndija,0,,https://r2.thesportsdb.com/images/media/event/thumb/s1yy791770188542.jpg
2419535,2026-02-26 20:00:00,Round 32,AZ Alkmaar,4,Noah,0,,https://r2.thesportsdb.com/images/media/event/thumb/d68umj1770188478.jpg
2419537,2026-02-26 20:00:00,Round 32,Crystal Palace,2,Zrinjski Mostar,0,,https://r2.thesportsdb.com/images/media/event/thumb/4sxcao1770188503.jpg
2419539,2026-02-26 20:00:00,Round 32,Lausanne-Sport,1,Sigma Olomouc,2,,https://r2.thesportsdb.com/images/media/event/thumb/5efzjk1770188528.jpg
2419540,2026-02-26 20:00:00,Round 32,Lech Poznań,1,KuPS,0,,https://r2.thesportsdb.com/images/media/event/thumb/q0dzur1770188531.jpg
2440699,2026-03-12 17:45:00,Round 16,AZ Alkmaar,2,Sparta Prague,1,,https://r2.thesportsdb.com/images/media/event/thumb/rebhyg1772401681.jpg
2440700,2026-03-12 17:45:00,Round 16,Samsunspor,1,Rayo Vallecano,3,,https://r2.thesportsdb.com/images/media/event/thumb/smj1w71772401682.jpg
2440701,2026-03-12 17:45:00,Round 16,Rijeka,1,Strasbourg,2,,https://r2.thesportsdb.com/images/media/event/thumb/i9ulq81772401683.jpg
2440702,2026-03-12 17:45:00,Round 16,Lech Poznań,1,Shakhtar Donetsk,3,,https://r2.thesportsdb.com/images/media/event/thumb/t4bmfv1772401684.jpg
2440697,2026-03-12 20:00:00,Round 16,Crystal Palace,0,AEK Larnaca,0,,https://r2.thesportsdb.com/images/media/event/thumb/9r1xdf1772401679.jpg
2440698,2026-03-12 20:00:00,Round 16,Fiorentina,2,Raków Częstochowa,1,,https://r2.thesportsdb.com/images/media/event/thumb/8b5i1g1772401680.jpg
2440703,2026-03-12 20:00:00,Round 16,Celje,0,AEK Athens,4,,https://r2.thesportsdb.com/images/media/event/thumb/v8bsun1772401685.jpg
2440704,2026-03-12 20:00:00,Round 16,Sigma Olomouc,0,Mainz,0,,https://r2.thesportsdb.com/images/media/event/thumb/sovj051772401686.jpg
2440705,2026-03-19 17:45:00,Round 16,AEK Larnaca,1,Crystal Palace,2,,https://r2.thesportsdb.com/images/media/event/thumb/k3eeqb1772401687.jpg
2440706,2026-03-19 17:45:00,Round 16,Raków Częstochowa,1,Fiorentina,2,,https://r2.thesportsdb.com/images/media/event/thumb/9z8d5l1772401688.jpg
2440711,2026-03-19 17:45:00,Round 16,AEK Athens,0,Celje,2,,https://r2.thesportsdb.com/images/media/event/thumb/a91n2g1772401692.jpg
2440712,2026-03-19 17:45:00,Round 16,Mainz,2,Sigma Olomouc,0,,https://r2.thesportsdb.com/images/media/event/thumb/7oqwgq1772401693.jpg
2440707,2026-03-19 20:00:00,Round 16,Sparta Prague,0,AZ Alkmaar,4,,https://r2.thesportsdb.com/images/media/event/thumb/te0pug1772401688.jpg
2440708,2026-03-19 20:00:00,Round 16,Rayo Vallecano,0,Samsunspor,1,,https://r2.thesportsdb.com/images/media/event/thumb/kunmgf1772401689.jpg
2440709,2026-03-19 20:00:00,Round 16,Strasbourg,1,Rijeka,1,,https://r2.thesportsdb.com/images/media/event/thumb/eu477d1772401690.jpg
2440710,2026-03-19 20:00:00,Round 16,Shakhtar Donetsk,1,Lech Poznań,2,,https://r2.thesportsdb.com/images/media/event/thumb/rai08m1772401691.jpg
2453316,2026-04-09 16:45:00,Round 0,Rayo Vallecano,,AEK Athens,,,https://www.thesportsdb.com/images/media/event/thumb/v4sx231774804893.jpg
2453313,2026-04-09 19:00:00,Round 0,Crystal Palace,,Fiorentina,,,https://www.thesportsdb.com/images/media/event/thumb/ct5c5h1774804890.jpg
2453314,2026-04-09 19:00:00,Round 0,Mainz,,Strasbourg,,,https://www.thesportsdb.com/images/media/event/thumb/i65c2i1774804891.jpg
2453315,2026-04-09 19:00:00,Round 0,Shakhtar Donetsk,,AZ Alkmaar,,,https://www.thesportsdb.com/images/media/event/thumb/7afs6q1774804892.jpg
2453318,2026-04-16 16:45:00,Round 0,AZ Alkmaar,,Shakhtar Donetsk,,,https://www.thesportsdb.com/images/media/event/thumb/k9h3bg1774804895.jpg
2453317,2026-04-16 19:00:00,Round 0,Strasbourg,,Mainz,,,https://www.thesportsdb.com/images/media/event/thumb/lvlevg1774804894.jpg
2453319,2026-04-16 19:00:00,Round 0,Fiorentina,,Crystal Palace,,,https://www.thesportsdb.com/images/media/event/thumb/fnxgtg1774804896.jpg
2453320,2026-04-16 19:00:00,Round 0,AEK Athens,,Rayo Vallecano,,,https://www.thesportsdb.com/images/media/event/thumb/e6bo2u1774804897.jpg
